{"DGS3MO": [3.7, 0.0, -0.020000000000000018], "DGS2": [3.81, 0.020000000000000018, 0.1299999999999999], "DGS5": [3.97, 0.050000000000000266, 0.17000000000000037], "DGS10": [4.33, 0.03000000000000025, 0.09999999999999964], "DGS30": [4.91, 0.03000000000000025, 0.04999999999999982], "T10Y2Y": [0.52, 0.0, 0.0], "T10Y3M": [0.61, -0.020000000000000018, 0.13], "FEDFUNDS": [3.64, 0.0, -0.69], "UNRATE": [4.3, -0.10000000000000053, 0.09999999999999964], "USALOLITONOSTSAM": [99.85411, 0.13623000000001184, 0.9242200000000054], "CFNAI": [-0.11, -0.31, -0.5], "ECBDFR": [2.0, 0.0, 0.0], "CP0000EZ19M086NEST": [129.49, 0.2400000000000091, 2.460000000000008], "LRHUTTTTEZM156S": [6.7, 0.0, -0.20000000000000018], "CLVMNACSCAB1GQEA19": [2886190.9, 5432.899999999907, 77560.1000000001]}